{
  "m_cm": 100,
  "m_in": 39.37,
  "m_ft": 3.281,
  "cm_m": 0.01,
  "cm_in": 0.3937,
  "cm_ft": 0.0328,
  "in_cm": 2.54,
  "in_m": 0.0254,
  "in_ft": 0.0834,
  "ft_cm": 30.48,
  "ft_m": 0.3048,
  "ft_in": 12,
  "mm_yd": 0.00109361,
  "m_mm": 1000,
  "yd_km": 0.0009144
}